"Time (s)","Distance (cm)"
0.000000000E0,5.000305176E0
4.011367981E1,5.000305176E0
